title,price,rating
A Light in the Attic,"₹5,435.85",Three
Tipping the Velvet,"₹5,642.70",One
Soumission,"₹5,260.50",One
Sharp Objects,"₹5,021.10",Four
Sapiens: A Brief History of Humankind,"₹5,694.15",Five
The Requiem Red,"₹2,378.25",One
The Dirty Little Secrets of Getting Your Dream Job,"₹3,500.70",Four
"The Coming Woman: A Novel Based on the Life of the Infamous Feminist, Victoria Woodhull","₹1,882.65",Three
The Boys in the Boat: Nine Americans and Their Epic Quest for Gold at the 1936 Berlin Olympics,"₹2,373.00",Four
The Black Maria,"₹5,475.75",One
"Starving Hearts (Triangular Trade Trilogy, #1)","₹1,468.95",Two
Shakespeare's Sonnets,"₹2,169.30",Four
Set Me Free,"₹1,833.30",Five
Scott Pilgrim's Precious Little Life (Scott Pilgrim #1),"₹5,490.45",Five
Rip it Up and Start Again,"₹3,677.10",Five
"Our Band Could Be Your Life: Scenes from the American Indie Underground, 1981-1991","₹6,011.25",Three
Olio,"₹2,507.40",One
Mesaerion: The Best Science Fiction Stories 1800-1849,"₹3,946.95",One
Libertarianism for Beginners,"₹5,389.65",Two
It's Only the Himalayas,"₹4,742.85",Two
In Her Wake,"₹1,348.20",One
How Music Works,"₹3,918.60",Two
"Foolproof Preserving: A Guide to Small Batch Jams, Jellies, Pickles, Condiments, and More: A Foolproof Guide to Making Small Batch Jams, Jellies, Pickles, Condiments, and More","₹3,204.60",Three
Chase Me (Paris Nights #2),"₹2,653.35",Five
Black Dust,"₹3,625.65",Five
Birdsong: A Story in Pictures,"₹5,737.20",Three
America's Cradle of Quarterbacks: Western Pennsylvania's Football Factory from Johnny Unitas to Joe Montana,"₹2,362.50",Three
Aladdin and His Wonderful Lamp,"₹5,578.65",Three
Worlds Elsewhere: Journeys Around Shakespeareâs Globe,"₹4,231.50",Five
Wall and Piece,"₹4,638.90",Four
The Four Agreements: A Practical Guide to Personal Freedom,"₹1,854.30",Five
The Five Love Languages: How to Express Heartfelt Commitment to Your Mate,"₹3,260.25",Three
The Elephant Tree,"₹2,501.10",Five
The Bear and the Piano,"₹3,873.45",One
Sophie's World,"₹1,673.70",Five
Penny Maybe,"₹3,495.45",Three
Maude (1883-1993):She Grew Up with the country,"₹1,892.10",Two
"In a Dark, Dark Wood","₹2,061.15",One
Behind Closed Doors,"₹5,483.10",Four
You can't bury them all: Poems,"₹3,531.15",Two
Slow States of Collapse: Poems,"₹6,017.55",Three
Reasons to Stay Alive,"₹2,773.05",Two
Private Paris (Private #10),"₹4,999.05",Five
#HigherSelfie: Wake Up Your Life. Free Your Soul. Find Your Tribe.,"₹2,426.55",Five
Without Borders (Wanderlove #1),"₹4,732.35",Two
When We Collided,"₹3,335.85",One
"We Love You, Charlie Freeman","₹5,278.35",Five
Untitled Collection: Sabbath Poems 2014,"₹1,498.35",Four
"Unseen City: The Majesty of Pigeons, the Discreet Charm of Snails & Other Wonders of the Urban Wilderness","₹4,638.90",Four
Unicorn Tracks,"₹1,971.90",Three
"Unbound: How Eight Technologies Made Us Human, Transformed Society, and Brought Our World to the Brink","₹2,679.60",One
Tsubasa: WoRLD CHRoNiCLE 2 (Tsubasa WoRLD CHRoNiCLE #2),"₹1,709.40",One
Throwing Rocks at the Google Bus: How Growth Became the Enemy of Prosperity,"₹3,267.60",Three
This One Summer,"₹2,046.45",Four
Thirst,"₹1,813.35",Five
The Torch Is Passed: A Harding Family Story,"₹2,004.45",One
The Secret of Dreadwillow Carse,"₹5,893.65",One
"The Pioneer Woman Cooks: Dinnertime: Comfort Classics, Freezer Food, 16-Minute Meals, and Other Delicious Ways to Solve Supper!","₹5,923.05",One
The Past Never Ends,"₹5,932.50",Four
The Natural History of Us (The Fine Art of Pretending #2),"₹4,748.10",Three
The Nameless City (The Nameless City #1),"₹4,006.80",Four
The Murder That Never Was (Forensic Instincts #5),"₹5,681.55",Three
The Most Perfect Thing: Inside (and Outside) a Bird's Egg,"₹4,510.80",Four
"The Mindfulness and Acceptance Workbook for Anxiety: A Guide to Breaking Free from Anxiety, Phobias, and Worry Using Acceptance and Commitment Therapy","₹2,508.45",Four
The Life-Changing Magic of Tidying Up: The Japanese Art of Decluttering and Organizing,"₹1,760.85",Three
"The Inefficiency Assassin: Time Management Tactics for Working Smarter, Not Longer","₹2,161.95",Five
The Gutsy Girl: Escapades for Your Life of Epic Adventure,"₹3,898.65",One
The Electric Pencil: Drawings from Inside State Hospital No. 3,"₹5,886.30",One
The Death of Humanity: and the Case for Life,"₹6,101.55",Four
"The Bulletproof Diet: Lose up to a Pound a Day, Reclaim Energy and Focus, Upgrade Your Life","₹5,150.25",Three
The Art Forger,"₹4,279.80",Three
The Age of Genius: The Seventeenth Century and the Birth of the Modern Mind,"₹2,071.65",One
The Activist's Tao Te Ching: Ancient Advice for a Modern Revolution,"₹3,385.20",Five
Spark Joy: An Illustrated Master Class on the Art of Organizing and Tidying Up,"₹4,392.15",Four
Soul Reader,"₹4,155.90",Two
Security,"₹4,121.25",Two
"Saga, Volume 6 (Saga (Collected Editions) #6)","₹2,627.10",Three
"Saga, Volume 5 (Saga (Collected Editions) #5)","₹5,359.20",Two
Reskilling America: Learning to Labor in the Twenty-First Century,"₹2,082.15",Two
"Rat Queens, Vol. 3: Demons (Rat Queens (Collected Editions) #11-15)","₹5,292.00",Three
"Princess Jellyfish 2-in-1 Omnibus, Vol. 01 (Princess Jellyfish 2-in-1 Omnibus #1)","₹1,429.05",Five
Princess Between Worlds (Wide-Awake Princess #5),"₹1,400.70",Five
"Pop Gun War, Volume 1: Gift","₹1,991.85",One
"Political Suicide: Missteps, Peccadilloes, Bad Calls, Backroom Hijinx, Sordid Pasts, Rotten Breaks, and Just Plain Dumb Mistakes in the Annals of American Politics","₹3,809.40",Two
Patience,"₹1,066.80",Three
"Outcast, Vol. 1: A Darkness Surrounds Him (Outcast #1)","₹1,621.20",Four
orange: The Complete Collection 1 (orange: The Complete Collection #1),"₹5,083.05",One
Online Marketing for Busy Authors: A Step-By-Step Guide,"₹4,866.75",One
On a Midnight Clear,"₹1,477.35",Three
Obsidian (Lux #1),"₹1,560.30",Two
My Paris Kitchen: Recipes and Stories,"₹3,503.85",Two
Masks and Shadows,"₹5,922.00",Two
"Mama Tried: Traditional Italian Cooking for the Screwed, Crude, Vegan, and Tattooed","₹1,472.10",Four
"Lumberjanes, Vol. 2: Friendship to the Max (Lumberjanes #5-8)","₹4,925.55",Two
"Lumberjanes, Vol. 1: Beware the Kitten Holy (Lumberjanes #1-4)","₹4,789.05",Three
Lumberjanes Vol. 3: A Terrible Plan (Lumberjanes #9-12),"₹2,091.60",Two
"Layered: Baking, Building, and Styling Spectacular Cakes","₹4,211.55",One
Judo: Seven Steps to Black Belt (an Introductory Guide for Beginners),"₹5,659.50",Two
Join,"₹3,745.35",Five
In the Country We Love: My Family Divided,"₹2,310.00",Four
Immunity: How Elie Metchnikoff Changed the Course of Modern Medicine,"₹6,022.80",Five
"I Hate Fairyland, Vol. 1: Madly Ever After (I Hate Fairyland (Compilations) #1-5)","₹3,062.85",Two
I am a Hero Omnibus Volume 1,"₹5,736.15",Three
How to Be Miserable: 40 Strategies You Already Use,"₹4,833.15",One
Her Backup Boyfriend (The Sorensen Family #1),"₹3,566.85",One
"Giant Days, Vol. 2 (Giant Days #5-8)","₹2,321.55",Two
Forever and Forever: The Courtship of Henry Longfellow and Fanny Appleton,"₹3,117.45",Three
First and First (Five Boroughs #3),"₹1,676.85",Four
Fifty Shades Darker (Fifty Shades #2),"₹2,305.80",One
Everydata: The Misinformation Hidden in the Little Data You Consume Every Day,"₹5,706.75",Two
"Don't Be a Jerk: And Other Practical Advice from Dogen, Japan's Greatest Zen Master","₹3,986.85",Two
Danganronpa Volume 1,"₹5,458.95",Four
Crown of Midnight (Throne of Glass #2),"₹4,545.45",Three
"Codename Baboushka, Volume 1: The Conclave of Death","₹3,855.60",Four
Camp Midnight,"₹1,793.40",Four
Call the Nurse: True Stories of a Country Nurse on a Scottish Isle,"₹3,059.70",Five
Burning,"₹3,025.05",Three
Bossypants,"₹5,193.30",Two
"Bitch Planet, Vol. 1: Extraordinary Machine (Bitch Planet (Collected Editions))","₹3,981.60",Two
"Avatar: The Last Airbender: Smoke and Shadow, Part 3 (Smoke and Shadow #3)","₹2,949.45",Two
Algorithms to Live By: The Computer Science of Human Decisions,"₹3,235.05",One
A World of Flavor: Your Gluten Free Passport,"₹4,509.75",One
"A Piece of Sky, a Grain of Rice: A Memoir in Four Meditations","₹5,959.80",Five
A Murder in Time,"₹1,747.20",One
A Flight of Arrows (The Pathfinders #2),"₹5,830.65",Five
A Fierce and Subtle Poison,"₹2,953.65",Four
A Court of Thorns and Roses (A Court of Thorns and Roses #1),"₹5,498.85",One
(Un)Qualified: How God Uses Broken People to Do Big Things,"₹5,670.00",Five
You Are What You Love: The Spiritual Power of Habit,"₹2,296.35",Four
"William Shakespeare's Star Wars: Verily, A New Hope (William Shakespeare's Star Wars #4)","₹4,546.50",Four
Tuesday Nights in 1980,"₹2,209.20",Two
Tracing Numbers on a Train,"₹4,368.00",Three
Throne of Glass (Throne of Glass #1),"₹3,682.35",Three
Thomas Jefferson and the Tripoli Pirates: The Forgotten War That Changed American History,"₹6,262.20",One
Thirteen Reasons Why,"₹5,535.60",One
The White Cat and the Monk: A Retelling of the Poem âPangur BÃ¡nâ,"₹6,098.40",Four
The Wedding Dress,"₹2,532.60",One
The Vacationers,"₹4,425.75",Four
The Third Wave: An Entrepreneurâs Vision of the Future,"₹1,324.05",Five
The Stranger,"₹1,831.20",Four
The Shadow Hero (The Shadow Hero),"₹3,479.70",One
The Secret (The Secret #1),"₹2,873.85",Four
The Regional Office Is Under Attack!,"₹5,392.80",Five
The Psychopath Test: A Journey Through the Madness Industry,"₹3,780.00",Two
The Project,"₹1,118.25",One
The Power of Now: A Guide to Spiritual Enlightenment,"₹4,571.70",Two
The Omnivore's Dilemma: A Natural History of Four Meals,"₹4,012.05",Two
The Nerdy Nummies Cookbook: Sweet Treats for the Geek in All of Us,"₹3,920.70",Five
The Murder of Roger Ackroyd (Hercule Poirot #4),"₹4,630.50",Four
The Mistake (Off-Campus #2),"₹4,545.45",Three
The Matchmaker's Playbook (Wingmen Inc. #1),"₹5,864.25",One
The Love and Lemons Cookbook: An Apple-to-Zucchini Celebration of Impromptu Cooking,"₹3,948.00",Two
The Long Shadow of Small Ghosts: Murder and Memory in an American City,"₹1,151.85",One
The Kite Runner,"₹4,391.10",Four
The House by the Lake,"₹3,879.75",One
The Glittering Court (The Glittering Court #1),"₹4,649.40",One
The Girl on the Train,"₹5,777.10",Two
The Genius of Birds,"₹1,810.20",One
The Emerald Mystery,"₹2,430.75",Two
The Cookies & Cups Cookbook: 125+ sweet & savory recipes reminding you to Always Eat Dessert First,"₹4,331.25",One
The Bridge to Consciousness: I'm Writing the Bridge Between Science and Our Old and New Beliefs.,"₹3,360.00",Three
The Artist's Way: A Spiritual Path to Higher Creativity,"₹4,041.45",Five
The Art of War,"₹3,500.70",Five
The Argonauts,"₹1,147.65",Two
The 10% Entrepreneur: Live Your Startup Dream Without Quitting Your Day Job,"₹2,892.75",Three
Suddenly in Love (Lake Haven #1),"₹5,878.95",Two
Something More Than This,"₹1,705.20",Four
Soft Apocalypse,"₹2,742.60",Two
So You've Been Publicly Shamed,"₹1,284.15",Two
Shoe Dog: A Memoir by the Creator of NIKE,"₹2,518.95",Two
"Shobu Samurai, Project Aryoku (#3)","₹3,051.30",Three
Secrets and Lace (Fatal Hearts #1),"₹2,128.35",One
Scarlett Epstein Hates It Here,"₹4,572.75",Five
Romero and Juliet: A Tragic Tale of Love and Zombies,"₹3,878.70",One
Redeeming Love,"₹2,149.35",Five
Poses for Artists Volume 1 - Dynamic and Sitting Poses: An Essential Reference for Figure Drawing and the Human Form,"₹4,311.30",One
Poems That Make Grown Women Cry,"₹1,489.95",Four
"Nightingale, Sing","₹4,019.40",One
Night Sky with Exit Wounds,"₹4,310.25",One
Mrs. Houdini,"₹3,176.25",Five
Modern Romance,"₹2,967.30",Five
Miss Peregrineâs Home for Peculiar Children (Miss Peregrineâs Peculiar Children #1),"₹1,129.80",One
Louisa: The Extraordinary Life of Mrs. Adams,"₹1,769.25",Two
Little Red,"₹1,414.35",Three
Library of Souls (Miss Peregrineâs Peculiar Children #3),"₹5,098.80",Five
Large Print Heart of the Pride,"₹2,010.75",Two
I Had a Nice Time And Other Lies...: How to find love & sh*t like that,"₹6,022.80",Four
Hollow City (Miss Peregrineâs Peculiar Children #2),"₹4,512.90",One
Grumbles,"₹2,326.80",Two
Full Moon over Noahâs Ark: An Odyssey to Mount Ararat and Beyond,"₹5,190.15",Four
Frostbite (Vampire Academy #2),"₹3,148.95",Five
Follow You Home,"₹2,242.80",One
First Steps for New Christians (Print Edition),"₹3,045.00",One
Finders Keepers (Bill Hodges Trilogy #2),"₹5,620.65",Five
"Fables, Vol. 1: Legends in Exile (Fables #1)","₹4,370.10",Four
Eureka Trivia 6.0,"₹5,731.95",Four
Drive: The Surprising Truth About What Motivates Us,"₹3,669.75",Four
Done Rubbed Out (Reightman & Bailey #1),"₹3,960.60",Five
Doing It Over (Most Likely To #1),"₹3,739.05",Three
"Deliciously Ella Every Day: Quick and Easy Recipes for Gluten-Free Snacks, Packed Lunches, and Simple Meals","₹4,426.80",Three
Dark Notes,"₹2,014.95",Five
"Daring Greatly: How the Courage to Be Vulnerable Transforms the Way We Live, Love, Parent, and Lead","₹2,040.15",Three
Close to You,"₹5,193.30",Four
Chasing Heaven: What Dying Taught Me About Living,"₹3,969.00",Two
Big Magic: Creative Living Beyond Fear,"₹3,234.00",Three
Becoming Wise: An Inquiry into the Mystery and Art of Living,"₹2,880.15",Two
Beauty Restored (Riley Family Legacy Novellas #3),"₹1,166.55",Two
Batman: The Long Halloween (Batman),"₹3,832.50",Two
Batman: The Dark Knight Returns (Batman),"₹1,614.90",Five
Ayumi's Violin,"₹1,625.40",Two
Anonymous,"₹4,916.10",Four
Amy Meets the Saints and Sages,"₹1,938.30",Three
Amid the Chaos,"₹3,840.90",One
Amatus,"₹5,306.70",Five
Agnostic: A Spirited Manifesto,"₹1,313.55",Five
Zealot: The Life and Times of Jesus of Nazareth,"₹2,593.50",Three
You (You #1),"₹4,579.05",Five
"Wonder Woman: Earth One, Volume One (Wonder Woman: Earth One #1)","₹3,920.70",Four
Wild Swans,"₹1,507.80",Two
Why the Right Went Wrong: Conservatism--From Goldwater to the Tea Party and Beyond,"₹5,528.25",Four
Whole Lotta Creativity Going On: 60 Fun and Unusual Exercises to Awaken and Strengthen Your Creativity,"₹4,011.00",Four
What's It Like in Space?: Stories from Astronauts Who've Been There,"₹2,058.00",Two
"We Are Robin, Vol. 1: The Vigilante Business (We Are Robin #1)","₹5,659.50",One
Walt Disney's Alice in Wonderland,"₹1,360.80",Five
V for Vendetta (V for Vendetta Complete),"₹3,895.50",Four
Until Friday Night (The Field Party #1),"₹4,862.55",Two
"Unbroken: A World War II Story of Survival, Resilience, and Redemption","₹4,824.75",Two
Twenty Yawns,"₹2,318.40",Two
Through the Woods,"₹2,664.90",Two
This Is Where It Ends,"₹2,847.60",Two
The Year of Magical Thinking,"₹4,519.20",Two
The Wright Brothers,"₹5,964.00",Four
The White Queen (The Cousins' War #1),"₹2,720.55",Five
The Wedding Pact (The O'Malleys #2),"₹3,424.05",Three
The Time Keeper,"₹2,927.40",Five
The Testament of Mary,"₹5,530.35",Four
The Star-Touched Queen,"₹4,832.10",Five
The Songs of the Gods,"₹4,670.40",Five
The Song of Achilles,"₹3,927.00",Five
The Rosie Project (Don Tillman #1),"₹5,674.20",One
The Power of Habit: Why We Do What We Do in Life and Business,"₹1,772.40",Three
The Marriage of Opposites,"₹2,948.40",Four
The Lucifer Effect: Understanding How Good People Turn Evil,"₹1,092.00",One
The Long Haul (Diary of a Wimpy Kid #9),"₹4,627.35",One
The Loney,"₹2,457.00",One
The Literature Book (Big Ideas Simply Explained),"₹1,830.15",Three
The Last Mile (Amos Decker #2),"₹5,692.05",Two
The Immortal Life of Henrietta Lacks,"₹4,270.35",Two
The Hidden Oracle (The Trials of Apollo #1),"₹5,487.30",Two
The Help Yourself Cookbook for Kids: 60 Easy Plant-Based Recipes Kids Can Make to Stay Healthy and Save the Earth,"₹3,020.85",Three
The Guilty (Will Robie #4),"₹1,451.10",Two
The First Hostage (J.B. Collins #2),"₹2,714.25",Three
The Dovekeepers,"₹5,121.90",One
The Darkest Lie,"₹3,711.75",Five
The Bane Chronicles (The Bane Chronicles #1-11),"₹4,696.65",Four
The Bad-Ass Librarians of Timbuktu: And Their Race to Save the Worldâs Most Precious Manuscripts,"₹1,655.85",One
The 14th Colony (Cotton Malone #11),"₹4,120.20",One
That Darkness (Gardiner and Renner #1),"₹1,461.60",One
Tastes Like Fear (DI Marnie Rome #3),"₹1,122.45",One
Take Me with You,"₹4,747.05",Three
Swell: A Year of Waves,"₹4,785.90",One
Superman Vol. 1: Before Truth (Superman by Gene Luen Yang #1),"₹1,248.45",Five
Still Life with Bread Crumbs,"₹2,773.05",Three
Steve Jobs,"₹4,147.50",Five
Sorting the Beef from the Bull: The Science of Food Fraud Forensics,"₹4,697.70",Four
Someone Like You (The Harrisons #2),"₹5,542.95",Five
"So Cute It Hurts!!, Vol. 6 (So Cute It Hurts!! #6)","₹3,720.15",Four
Shtum,"₹5,863.20",Four
See America: A Celebration of Our National Parks & Treasured Sites,"₹5,131.35",Three
salt.,"₹4,911.90",Four
Robin War,"₹5,021.10",Three
"Red Hood/Arsenal, Vol. 1: Open for Business (Red Hood/Arsenal #1)","₹2,675.40",Two
Rain Fish,"₹2,474.85",Three
"Quarter Life Poetry: Poems for the Young, Broke and Hangry","₹5,343.45",Five
Pet Sematary,"₹1,108.80",Three
"Overload: How to Unplug, Unwind, and Unleash Yourself from the Pressure of Stress","₹5,475.75",Three
Once Was a Time,"₹1,919.40",Two
Old School (Diary of a Wimpy Kid #10),"₹1,242.15",Five
No Dream Is Too High: Life Lessons From a Man Who Walked on the Moon,"₹2,304.75",Two
"Naruto (3-in-1 Edition), Vol. 14: Includes Vols. 40, 41 & 42 (Naruto: Omnibus #14)","₹4,030.95",Two
My Name Is Lucy Barton,"₹4,363.80",One
My Mrs. Brown,"₹2,570.40",Three
My Kind of Crazy,"₹4,237.80",One
Mr. Mercedes (Bill Hodges Trilogy #1),"₹3,034.50",One
More Than Music (Chasing the Dream #1),"₹3,949.05",Two
Made to Stick: Why Some Ideas Survive and Others Die,"₹4,079.25",Five
Luis Paints the World,"₹5,664.75",Three
Luckiest Girl Alive,"₹5,232.15",Three
Lowriders to the Center of the Earth (Lowriders in Space #2),"₹5,408.55",Two
Love Is a Mix Tape (Music #1),"₹1,893.15",One
Looking for Lovely: Collecting the Moments that Matter,"₹3,059.70",Five
"Living Leadership by Insight: A Good Leader Achieves, a Great Leader Builds Monuments","₹4,925.55",Four
Let It Out: A Journey Through Journaling,"₹2,812.95",Five
Lady Midnight (The Dark Artifices #1),"₹1,709.40",Five
"It's All Easy: Healthy, Delicious Weeknight Meals in under 30 Minutes","₹2,052.75",One
Island of Dragons (Unwanteds #7),"₹3,113.25",One
I Know What I'm Doing -- and Other Lies I Tell Myself: Dispatches from a Life Under Construction,"₹2,727.90",Four
I Am Pilgrim (Pilgrim #1),"₹1,113.00",Four
"Hyperbole and a Half: Unfortunate Situations, Flawed Coping Mechanisms, Mayhem, and Other Things That Happened","₹1,548.75",Five
"Hush, Hush (Hush, Hush #1)","₹4,937.10",Three
Hold Your Breath (Search and Rescue #1),"₹3,026.10",One
Hamilton: The Revolution,"₹6,172.95",Three
Greek Mythic History,"₹1,074.15",Five
God: The Most Unpleasant Character in All Fiction,"₹3,153.15",Five
Glory over Everything: Beyond The Kitchen House,"₹4,813.20",Three
Feathers: Displays of Brilliant Plumage,"₹5,150.25",Three
"Far & Away: Places on the Brink of Change: Seven Continents, Twenty-Five Years","₹1,581.30",Four
Every Last Word,"₹4,879.35",Three
Eligible (The Austen Project #4),"₹2,844.45",Three
El Deafo,"₹6,050.10",Five
Eight Hundred Grapes,"₹1,510.95",Four
"Eaternity: More than 150 Deliciously Easy Vegan Recipes for a Long, Healthy, Satisfied, Joyful Life","₹5,433.75",Five
"Eat Fat, Get Thin","₹5,677.35",Two
Don't Get Caught,"₹5,811.75",One
Doctor Sleep (The Shining #2),"₹4,212.60",Two
Demigods & Magicians: Percy and Annabeth Meet the Kanes (Percy Jackson & Kane Chronicles Crossover #1-3),"₹3,938.55",Five
Dear Mr. Knightley,"₹1,177.05",Five
Daily Fantasy Sports,"₹3,840.90",One
Crazy Love: Overwhelmed by a Relentless God,"₹5,010.60",Two
Cometh the Hour (The Clifton Chronicles #6),"₹2,626.05",Three
Code Name Verity (Code Name Verity #1),"₹2,323.65",Four
Clockwork Angel (The Infernal Devices #1),"₹4,634.70",One
City of Glass (The Mortal Instruments #3),"₹5,882.10",Four
City of Fallen Angels (The Mortal Instruments #4),"₹1,179.15",Four
City of Bones (The Mortal Instruments #1),"₹4,544.40",One
City of Ashes (The Mortal Instruments #2),"₹4,963.35",One
Cell,"₹2,130.45",Four
Catching Jordan (Hundred Oaks),"₹5,337.15",Three
"Carry On, Warrior: Thoughts on Life Unarmed","₹3,344.25",Three
Carrie,"₹4,854.15",Two
Buying In: The Secret Dialogue Between What We Buy and Who We Are,"₹3,969.00",Four
Brain on Fire: My Month of Madness,"₹5,178.60",Five
Batman: Europa,"₹3,361.05",Two
Barefoot Contessa Back to Basics,"₹2,941.05",One
Barefoot Contessa at Home: Everyday Recipes You'll Make Over and Over Again,"₹5,315.10",Five
Balloon Animals,"₹1,788.15",Three
Art Ops Vol. 1,"₹5,124.00",Three
Aristotle and Dante Discover the Secrets of the Universe (Aristotle and Dante Discover the Secrets of the Universe #1),"₹6,104.70",Four
Angels Walking (Angels Walking #1),"₹3,591.00",Two
Angels & Demons (Robert Langdon #1),"₹5,405.40",Three
All the Light We Cannot See,"₹3,136.35",Five
"Adulthood Is a Myth: A ""Sarah's Scribbles"" Collection","₹1,144.50",Two
Abstract City,"₹5,918.85",Five
A Time of Torment (Charlie Parker #14),"₹5,076.75",Five
A Study in Scarlet (Sherlock Holmes #1),"₹1,756.65",Two
"A Series of Catastrophes and Miracles: A True Story of Love, Science, and Cancer","₹5,930.40",Two
A People's History of the United States,"₹4,282.95",Two
A Man Called Ove,"₹4,170.60",One
A Distant Mirror: The Calamitous 14th Century,"₹1,530.90",Three
A Brush of Wings (Angels Walking #3),"₹5,828.55",One
1491: New Revelations of the Americas Before Columbus,"₹2,289.00",Three
"The Three Searches, Meaning, and the Story","₹1,399.65",Three
Searching for Meaning in Gailana,"₹4,066.65",One
Rook,"₹3,975.30",Four
My Kitchen Year: 136 Recipes That Saved My Life,"₹1,210.65",Two
13 Hours: The Inside Account of What Really Happened In Benghazi,"₹2,841.30",One
Will You Won't You Want Me?,"₹1,455.30",Three
Tipping Point for Planet Earth: How Close Are We to the Edge?,"₹3,942.75",One
The Star-Touched Queen,"₹3,391.50",Five
The Silent Sister (Riley MacPherson #1),"₹4,860.45",Five
The Midnight Watch: A Novel of the Titanic and the Californian,"₹2,751.00",One
The Lonely City: Adventures in the Art of Being Alone,"₹3,492.30",Two
The Gray Rhino: How to Recognize and Act on the Obvious Dangers We Ignore,"₹6,210.75",Four
The Golden Condom: And Other Essays on Love Lost and Found,"₹4,140.15",One
The Epidemic (The Program 0.6),"₹1,516.20",Five
The Dinner Party,"₹5,936.70",Two
The Diary of a Young Girl,"₹6,289.50",Three
The Children,"₹1,247.40",Three
Stars Above (The Lunar Chronicles #4.5),"₹5,045.25",Two
Snatched: How A Drug Queen Went Undercover for the DEA and Was Kidnapped By Colombian Guerillas,"₹2,227.05",Three
Raspberry Pi Electronics Projects for the Evil Genius,"₹5,215.35",Four
Quench Your Own Thirst: Business Lessons Learned Over a Beer or Two,"₹4,529.70",One
Psycho: Sanitarium (Psycho #1.5),"₹3,881.85",Five
Poisonous (Max Revere Novels #3),"₹2,814.00",Three
One with You (Crossfire #5),"₹1,649.55",Four
No Love Allowed (Dodge Cove #1),"₹5,738.25",Four
Murder at the 42nd Street Library (Raymond Ambler #1),"₹5,707.80",Four
Most Wanted,"₹3,704.40",Three
"Love, Lies and Spies","₹2,157.75",Two
How to Speak Golf: An Illustrated Guide to Links Lingo,"₹6,123.60",Five
Hide Away (Eve Duncan #20),"₹1,243.20",One
Furiously Happy: A Funny Book About Horrible Things,"₹4,353.30",Four
Everyday Italian: 125 Simple and Delicious Recipes,"₹2,110.50",Five
Equal Is Unfair: America's Misguided Fight Against Income Inequality,"₹5,970.30",One
Eleanor & Park,"₹5,933.55",Five
Dirty (Dive Bar #1),"₹4,287.15",Four
Can You Keep a Secret? (Fear Street Relaunch #4),"₹5,107.20",One
Boar Island (Anna Pigeon #19),"₹6,245.40",Three
A Paris Apartment,"₹4,096.05",Four
"A la Mode: 120 Recipes in 60 Pairings: Pies, Tarts, Cakes, Crisps, and More Topped with Ice Cream, Gelato, Frozen Custard, and More","₹4,070.85",One
Troublemaker: Surviving Hollywood and Scientology,"₹5,080.95",Two
The Widow,"₹2,862.30",Two
"The Sleep Revolution: Transforming Your Life, One Night at a Time","₹1,226.40",Four
The Improbability of Love,"₹6,242.25",One
The Art of Startup Fundraising,"₹2,205.00",Three
Take Me Home Tonight (Rock Star Romance #3),"₹5,667.90",Three
Sleeping Giants (Themis Files #1),"₹5,117.70",One
"Setting the World on Fire: The Brief, Astonishing Life of St. Catherine of Siena","₹2,220.75",Two
Playing with Fire,"₹1,439.55",Three
Off the Hook (Fishing for Trouble #1),"₹5,005.35",Three
Mothering Sunday,"₹1,400.70",Two
"Mother, Can You Not?","₹1,773.45",Five
M Train,"₹2,853.90",One
Lilac Girls,"₹1,814.40",Two
Lies and Other Acts of Love,"₹4,739.70",One
Lab Girl,"₹4,289.25",One
Keep Me Posted,"₹2,148.30",Four
It Didn't Start with You: How Inherited Family Trauma Shapes Who We Are and How to End the Cycle,"₹5,908.35",Three
Grey (Fifty Shades #4),"₹5,091.45",Four
"Exit, Pursued by a Bear","₹5,390.70",Four
Daredevils,"₹1,715.70",Three
Cravings: Recipes for What You Want to Eat,"₹2,152.50",Three
Born for This: How to Find the Work You Were Meant to Do,"₹2,266.95",Five
Arena,"₹2,242.80",Four
Adultery,"₹2,192.40",Five
A Mother's Reckoning: Living in the Aftermath of Tragedy,"₹2,050.65",Three
A Gentleman's Position (Society of Gentlemen #3),"₹1,548.75",Five
11/22/63,"₹5,090.40",Three
"10% Happier: How I Tamed the Voice in My Head, Reduced Stress Without Losing My Edge, and Found Self-Help That Actually Works","₹2,579.85",Two
10-Day Green Smoothie Cleanse: Lose Up to 15 Pounds in 10 Days!,"₹5,219.55",Five
Without Shame,"₹5,068.35",Five
Watchmen,"₹6,095.25",Four
Unlimited Intuition Now,"₹6,181.35",Four
Underlying Notes,"₹1,241.10",Two
The Shack,"₹2,943.15",One
The New Brand You: Your New Image Makes the Sale for You,"₹4,625.25",Five
"The Moosewood Cookbook: Recipes from Moosewood Restaurant, Ithaca, New York","₹1,295.70",Four
The Flowers Lied,"₹1,751.40",Two
"The Fabric of the Cosmos: Space, Time, and the Texture of Reality","₹5,870.55",One
The Book of Mormon,"₹2,579.85",Three
The Art and Science of Low Carbohydrate Living,"₹5,562.90",Five
The Alien Club,"₹5,712.00",One
Suzie Snowflake: One beautiful flake (a self-esteem story),"₹5,755.05",Five
Nap-a-Roo,"₹2,633.40",One
"NaNo What Now? Finding your editing process, revising your NaNoWriMo book and building a writing career through publishing and beyond","₹1,093.05",Four
Modern Day Fables,"₹4,981.20",Two
If I Gave You God's Phone Number....: Searching for Spirituality in America,"₹2,195.55",One
"Fruits Basket, Vol. 9 (Fruits Basket #9)","₹3,564.75",Four
Dress Your Family in Corduroy and Denim,"₹4,586.40",Three
Don't Forget Steven,"₹3,489.15",One
Chernobyl 01:23:40: The Incredible True Story of the World's Worst Nuclear Disaster,"₹3,771.60",Two
Art and Fear: Observations on the Perils (and Rewards) of Artmaking,"₹5,106.15",Four
A Shard of Ice (The Black Symphony Saga #1),"₹5,946.15",Three
A Hero's Curse (The Unseen Chronicles #1),"₹5,301.45",Three
23 Degrees South: A Tropical Tale of Changing Whether...,"₹3,757.95",Two
"Zero to One: Notes on Startups, or How to Build the Future","₹3,576.30",Three
Why Not Me?,"₹1,864.80",One
When Breath Becomes Air,"₹4,132.80",Two
Vagabonding: An Uncommon Guide to the Art of Long-Term World Travel,"₹3,878.70",Two
The Unlikely Pilgrimage of Harold Fry (Harold Fry #1),"₹4,580.10",Five
The New Drawing on the Right Side of the Brain,"₹4,517.10",Three
"The Midnight Assassin: Panic, Scandal, and the Hunt for America's First Serial Killer","₹2,987.25",Four
The Martian (The Martian #1),"₹4,345.95",Two
The High Mountains of Portugal,"₹5,370.75",One
The Grownup,"₹3,767.40",One
The E-Myth Revisited: Why Most Small Businesses Don't Work and What to Do About It,"₹3,875.55",One
South of Sunshine,"₹3,037.65",One
Smarter Faster Better: The Secrets of Being Productive in Life and Business,"₹4,083.45",Five
Silence in the Dark (Logan Point #4),"₹6,124.65",Three
Shadows of the Past (Logan Point #1),"₹4,165.35",Five
Roller Girl,"₹1,480.50",Five
Rising Strong,"₹2,291.10",Three
Proofs of God: Classical Arguments from Tertullian to Barth,"₹5,692.05",One
Please Kill Me: The Uncensored Oral History of Punk,"₹3,274.95",Four
Out of Print: City Lights Spotlight No. 14,"₹5,632.20",Five
My Life Next Door (My Life Next Door ),"₹3,820.95",Five
Miller's Valley,"₹6,146.70",Two
Man's Search for Meaning,"₹3,095.40",Three
"Love That Boy: What Two Presidents, Eight Road Trips, and My Son Taught Me About a Parent's Expectations","₹2,631.30",Two
Living Forward: A Proven Plan to Stop Drifting and Get the Life You Want,"₹1,317.75",Three
Les Fleurs du Mal,"₹3,049.20",Five
Left Behind (Left Behind #1),"₹4,275.60",Two
Kill 'Em and Leave: Searching for James Brown and the American Soul,"₹4,730.25",Five
Kierkegaard: A Christian Missionary to Christians,"₹4,948.65",One
John Vassos: Industrial Design for Modern Life,"₹2,123.10",Four
I'll Give You the Sun,"₹5,930.40",One
I Will Find You,"₹4,642.05",One
Hystopia: A Novel,"₹2,305.80",Four
Howl and Other Poems,"₹4,247.25",Two
History of Beauty,"₹1,080.45",Four
Heaven is for Real: A Little Boy's Astounding Story of His Trip to Heaven and Back,"₹5,550.30",Two
Future Shock (Future Shock #1),"₹5,843.25",Five
Ender's Game (The Ender Quintet #1),"₹4,582.20",One
Diary of a Citizen Scientist: Chasing Tiger Beetles and Other New Ways of Engaging the World,"₹2,983.05",One
Death by Leisure: A Cautionary Tale,"₹3,938.55",Four
Brilliant Beacons: A History of the American Lighthouse,"₹1,202.25",Three
Brazen: The Courage to Find the You That's Been Hiding,"₹2,018.10",Two
Between the World and Me,"₹5,975.55",Four
Being Mortal: Medicine and What Matters in the End,"₹5,781.30",Four
"A Murder Over a Girl: Justice, Gender, Junior High","₹1,386.00",Three
32 Yolks,"₹5,631.15",Two
"""Most Blessed of the Patriarchs"": Thomas Jefferson and the Empire of the Imagination","₹4,670.40",Five
You Are a Badass: How to Stop Doubting Your Greatness and Start Living an Awesome Life,"₹1,268.40",Three
Wildlife of New York: A Five-Borough Coloring Book,"₹2,324.70",Two
What Happened on Beale Street (Secrets of the South Mysteries #2),"₹2,663.85",Five
Unreasonable Hope: Finding Faith in the God Who Brings Purpose to Your Pain,"₹4,864.65",Two
Under the Tuscan Sun,"₹3,919.65",Three
Toddlers Are A**holes: It's Not Your Fault,"₹2,682.75",One
The Year of Living Biblically: One Man's Humble Quest to Follow the Bible as Literally as Possible,"₹3,645.60",One
The Whale,"₹3,775.80",Four
The Story of Art,"₹4,319.70",Four
The Origin of Species,"₹1,051.05",Four
The Great Gatsby,"₹3,785.25",Four
The Good Girl,"₹5,148.15",Three
The Glass Castle,"₹1,705.20",One
The Faith of Christopher Hitchens: The Restless Soul of the World's Most Notorious Atheist,"₹4,152.75",One
The Drowning Girls,"₹3,745.35",Three
The Constant Princess (The Tudor Court #1),"₹1,745.10",Three
The Bourne Identity (Jason Bourne #1),"₹4,491.90",Four
The Bachelor Girl's Guide to Murder (Herringford and Watts Mysteries #1),"₹5,491.50",Five
The Art Book,"₹3,395.70",Two
The 7 Habits of Highly Effective People: Powerful Lessons in Personal Change,"₹3,482.85",Four
Team of Rivals: The Political Genius of Abraham Lincoln,"₹2,112.60",Five
Steal Like an Artist: 10 Things Nobody Told You About Being Creative,"₹2,194.50",Two
"Sit, Stay, Love","₹2,194.50",Three
Sister Dear,"₹4,221.00",Four
"Shrunken Treasures: Literary Classics, Short, Sweet, and Silly","₹5,551.35",Three
"Rich Dad, Poor Dad","₹5,432.70",One
Raymie Nightingale,"₹3,613.05",Two
Playing from the Heart,"₹3,399.90",One
Nightstruck: A Novel,"₹5,286.75",Four
"Naturally Lean: 125 Nourishing Gluten-Free, Plant-Based Recipes--All Under 300 Calories","₹1,194.90",Five
Meternity,"₹4,575.90",Three
Memoirs of a Geisha,"₹5,215.35",Three
Like Never Before (Walker Family #2),"₹3,020.85",Two
Life of Pi,"₹1,388.10",Four
Leave This Song Behind: Teen Poetry at Its Best,"₹5,372.85",Five
King's Folly (The Kinsman Chronicles #1),"₹4,159.05",Five
John Adams,"₹6,030.15",Four
How to Cook Everything Vegetarian: Simple Meatless Recipes for Great Food (How to Cook Everything),"₹4,831.05",Four
How to Be a Domestic Goddess: Baking and the Art of Comfort Cooking,"₹2,966.25",Two
Good in Bed (Cannie Shapiro #1),"₹3,890.25",Five
"Fruits Basket, Vol. 7 (Fruits Basket #7)","₹2,054.85",One
For the Love: Fighting for Grace in a World of Impossible Standards,"₹4,738.65",Three
Finding God in the Ruins: How God Redeems Pain,"₹4,897.20",Two
Every Heart a Doorway (Every Heart A Doorway #1),"₹1,276.80",Five
Delivering the Truth (Quaker Midwife Mystery #1),"₹2,193.45",Four
Counted With the Stars (Out from Egypt #1),"₹1,886.85",Five
"Chronicles, Vol. 1","₹5,523.00",Two
Blue Like Jazz: Nonreligious Thoughts on Christian Spirituality,"₹2,705.85",One
Benjamin Franklin: An American Life,"₹5,059.95",Three
"At The Existentialist CafÃ©: Freedom, Being, and apricot cocktails with: Jean-Paul Sartre, Simone de Beauvoir, Albert Camus, Martin Heidegger, Edmund Husserl, Karl Jaspers, Maurice Merleau-Ponty and others","₹3,142.65",Five
A Summer In Europe,"₹4,655.70",Two
A Short History of Nearly Everything,"₹5,502.00",Five
A Gathering of Shadows (Shades of Magic #2),"₹4,705.05",Four
The Sound Of Love,"₹6,073.20",Five
The Rise and Fall of the Third Reich: A History of Nazi Germany,"₹4,165.35",Two
The Perks of Being a Wallflower,"₹5,777.10",Three
The Mysterious Affair at Styles (Hercule Poirot #1),"₹2,604.00",Four
The Man Who Mistook His Wife for a Hat and Other Clinical Tales,"₹6,242.25",Four
The Makings of a Fatherless Child,"₹3,315.90",Two
The Joy of Cooking,"₹4,543.35",Four
The Invention of Wings,"₹3,920.70",One
The Hobbit (Middle-Earth Universe),"₹1,869.00",Five
The Great Railway Bazaar,"₹3,206.70",One
The Golden Compass (His Dark Materials #1),"₹1,970.85",One
The God Delusion,"₹4,919.25",Three
The Girl You Left Behind (The Girl You Left Behind #1),"₹1,657.95",One
The Fellowship of the Ring (The Lord of the Rings #1),"₹1,078.35",Two
The Collected Poems of W.B. Yeats (The Collected Works of W.B. Yeats #1),"₹1,619.10",Five
The Barefoot Contessa Cookbook,"₹6,291.60",Five
Tell the Wolves I'm Home,"₹5,350.80",Two
Ship Leaves Harbor: Essays on Travel by a Recovering Journeyman,"₹3,213.00",Three
Pride and Prejudice,"₹2,023.35",Four
Musicophilia: Tales of Music and the Brain,"₹4,890.90",One
Mere Christianity,"₹5,093.55",Three
Me Before You (Me Before You #1),"₹1,997.10",One
In the Woods (Dublin Murder Squad #1),"₹4,029.90",Two
In Cold Blood,"₹5,247.90",Four
How to Stop Worrying and Start Living,"₹4,881.45",Five
Give It Back,"₹1,923.60",Two
"Girl, Interrupted","₹4,424.70",Three
Fun Home: A Family Tragicomic,"₹5,941.95",Four
"Fruits Basket, Vol. 6 (Fruits Basket #6)","₹2,200.80",Four
Deception Point,"₹4,233.60",Four
"Death Note, Vol. 6: Give-and-Take (Death Note #6)","₹3,820.95",Three
Catherine the Great: Portrait of a Woman,"₹6,147.75",Four
Better Homes and Gardens New Cook Book,"₹4,159.05",Three
An Unquiet Mind: A Memoir of Moods and Madness,"₹2,236.50",Three
A Year in Provence (Provence #1),"₹5,972.40",Four
World Without End (The Pillars of the Earth #2),"₹3,461.85",Four
"Will Grayson, Will Grayson (Will Grayson, Will Grayson)","₹4,967.55",Four
Why Save the Bankers?: And Other Essays on Our Economic and Political Crisis,"₹5,110.35",Two
Where She Went (If I Stay #2),"₹4,381.65",Four
What If?: Serious Scientific Answers to Absurd Hypothetical Questions,"₹5,636.40",Four
Two Summers,"₹1,537.20",One
This Is Your Brain on Music: The Science of a Human Obsession,"₹4,032.00",One
The Secret Garden,"₹1,583.40",Four
The Raven King (The Raven Cycle #4),"₹3,209.85",Two
The Raven Boys (The Raven Cycle #1),"₹6,062.70",Four
The Power Greens Cookbook: 140 Delicious Superfood Recipes,"₹1,160.25",Five
The Metamorphosis,"₹3,000.90",One
The Mathews Men: Seven Brothers and the War Against Hitler's U-boats,"₹4,505.55",Five
The Little Paris Bookshop,"₹2,596.65",Three
The Hiding Place,"₹5,870.55",Four
The Grand Design,"₹1,444.80",Three
The Firm,"₹4,783.80",Three
The Fault in Our Stars,"₹4,958.10",One
The False Prince (The Ascendance Trilogy #1),"₹5,880.00",Five
The Expatriates,"₹4,680.90",Two
The Dream Thieves (The Raven Cycle #2),"₹3,622.50",One
The Darkest Corners,"₹1,189.65",Five
The Crossover,"₹4,070.85",Four
The 5th Wave (The 5th Wave #1),"₹1,242.15",Two
Tell the Wind and Fire,"₹4,778.55",Three
Tell Me Three Things,"₹4,390.05",One
Talking to Girls About Duran Duran: One Young Man's Quest for True Love and a Cooler Haircut,"₹2,640.75",Four
Siddhartha,"₹3,593.10",Five
Shiver (The Wolves of Mercy Falls #1),"₹1,704.15",Five
Remember Me?,"₹1,205.40",Three
Red Dragon (Hannibal Lecter #1),"₹2,453.85",Three
Peak: Secrets from the New Science of Expertise,"₹1,709.40",Two
My Mother Was Nuts,"₹3,321.15",Four
Mexican Today: New and Rediscovered Recipes for Contemporary Kitchens,"₹2,615.55",Five
Maybe Something Beautiful: How Art Transformed a Neighborhood,"₹2,366.70",One
Lola and the Boy Next Door (Anna and the French Kiss #2),"₹2,481.15",Four
Logan Kade (Fallen Crest High #5.5),"₹1,377.60",Two
Last One Home (New Beginnings #1),"₹6,297.90",Three
Killing Floor (Jack Reacher #1),"₹3,306.45",Four
Kill the Boy Band,"₹1,629.60",Five
Isla and the Happily Ever After (Anna and the French Kiss #3),"₹5,053.65",Five
If I Stay (If I Stay #1),"₹4,003.65",Five
I Know Why the Caged Bird Sings (Maya Angelou's Autobiography #1),"₹3,837.75",Two
Harry Potter and the Deathly Hallows (Harry Potter #7),"₹2,448.60",One
"Fruits Basket, Vol. 5 (Fruits Basket #5)","₹1,714.65",One
Foundation (Foundation (Publication Order) #1),"₹3,404.10",One
Fool Me Once,"₹1,780.80",One
Find Her (Detective D.D. Warren #8),"₹2,348.85",One
Evicted: Poverty and Profit in the American City,"₹4,438.35",One
Drama,"₹4,063.50",Two
Dracula the Un-Dead,"₹3,741.15",Five
Digital Fortress,"₹6,090.00",Five
"Death Note, Vol. 5: Whiteout (Death Note #5)","₹5,503.05",One
"Data, A Love Story: How I Gamed Online Dating to Meet My Match","₹3,396.75",Three
Critique of Pure Reason,"₹2,178.75",One
Booked,"₹1,836.45",Five
"Blue Lily, Lily Blue (The Raven Cycle #3)","₹3,583.65",Five
Approval Junkie: Adventures in Caring Too Much,"₹6,175.05",Five
An Abundance of Katherines,"₹1,050.00",Five
America's War for the Greater Middle East: A Military History,"₹5,378.10",Two
Alight (The Generations Trilogy #2),"₹6,151.95",Four
A Girl's Guide to Moving On (New Beginnings #2),"₹3,286.50",One
A Game of Thrones (A Song of Ice and Fire #1),"₹4,874.10",Two
A Feast for Crows (A Song of Ice and Fire #4),"₹1,807.05",Four
A Clash of Kings (A Song of Ice and Fire #2),"₹1,132.95",Three
Vogue Colors A to Z: A Fashion Coloring Book,"₹5,496.75",Four
The Shining (The Shining #1),"₹2,927.40",Three
The Pilgrim's Progress,"₹5,277.30",Two
The Perfect Play (Play by Play #1),"₹6,298.95",Three
The Passion of Dolssa,"₹2,973.60",Five
The Jazz of Physics: The Secret Link Between Music and the Structure of the Universe,"₹4,064.55",Three
The Hunger Games (The Hunger Games #1),"₹3,134.25",Five
The Hound of the Baskervilles (Sherlock Holmes #5),"₹1,556.10",Two
The Gunning of America: Business and the Making of American Gun Culture,"₹1,765.05",Four
The Geography of Bliss: One Grump's Search for the Happiest Places in the World,"₹2,964.15",Two
The Demonists (Demonist #1),"₹5,471.55",Two
"The Demon Prince of Momochi House, Vol. 4 (The Demon Prince of Momochi House #4)","₹2,927.40",Two
The Bone Hunters (Lexy Vaughan & Steven Macaulay #2),"₹6,269.55",Three
The Beast (Black Dagger Brotherhood #14),"₹4,838.40",Five
Some Women,"₹1,441.65",Five
Shopaholic Ties the Knot (Shopaholic #3),"₹5,080.95",Five
Paper and Fire (The Great Library #2),"₹5,192.25",Five
Outlander (Outlander #1),"₹2,065.35",Five
"Orchestra of Exiles: The Story of Bronislaw Huberman, the Israel Philharmonic, and the One Thousand Jews He Saved from Nazi Horrors","₹1,297.80",Three
No One Here Gets Out Alive,"₹2,102.10",Five
Night Shift (Night Shift #1-20),"₹1,338.75",Four
Needful Things,"₹4,988.55",Four
Mockingjay (The Hunger Games #3),"₹2,146.20",Four
Misery,"₹3,652.95",Two
Little Women (Little Women #1),"₹2,947.35",Four
It,"₹2,626.05",Three
Harry Potter and the Sorcerer's Stone (Harry Potter #1),"₹1,459.50",Three
Harry Potter and the Prisoner of Azkaban (Harry Potter #3),"₹2,537.85",Four
Harry Potter and the Order of the Phoenix (Harry Potter #5),"₹3,321.15",Four
Harry Potter and the Half-Blood Prince (Harry Potter #6),"₹5,118.75",Five
Harry Potter and the Chamber of Secrets (Harry Potter #2),"₹1,547.70",One
Gone with the Wind,"₹3,411.45",Three
God Is Not Great: How Religion Poisons Everything,"₹2,919.00",One
Girl With a Pearl Earring,"₹2,810.85",One
"Fruits Basket, Vol. 4 (Fruits Basket #4)","₹5,296.20",Four
Far From True (Promise Falls Trilogy #2),"₹3,667.65",Two
Dark Lover (Black Dagger Brotherhood #1),"₹1,351.35",One
Confessions of a Shopaholic (Shopaholic #1),"₹5,138.70",Two
Changing the Game (Play by Play #2),"₹1,404.90",Three
Candide,"₹6,156.15",Three
Can You Keep a Secret?,"₹2,303.70",One
Atlas Shrugged,"₹2,790.90",Five
Animal Farm,"₹6,008.10",Three
A Walk to Remember,"₹5,925.15",One
A New Earth: Awakening to Your Life's Purpose,"₹5,843.25",Five
"A History of God: The 4,000-Year Quest of Judaism, Christianity, and Islam","₹2,900.10",One
'Salem's Lot,"₹5,203.80",Four
Zero History (Blue Ant #3),"₹3,650.85",One
Wuthering Heights,"₹1,861.65",Three
World War Z: An Oral History of the Zombie War,"₹2,289.00",One
Wild: From Lost to Found on the Pacific Crest Trail,"₹4,832.10",Three
"Where'd You Go, Bernadette","₹1,903.65",One
When You Are Engulfed in Flames,"₹3,243.45",Five
We the People: The Modern-Day Figures Who Have Reshaped and Affirmed the Founding Fathers' Vision of America,"₹3,354.75",Three
We Are All Completely Beside Ourselves,"₹2,524.20",One
Walk the Edge (Thunder Road #2),"₹3,397.80",Three
Voyager (Outlander #3),"₹2,212.35",Five
Very Good Lives: The Fringe Benefits of Failure and the Importance of Imagination,"₹5,319.30",Three
Vegan Vegetarian Omnivore: Dinner for Everyone at the Table,"₹1,434.30",Two
"Unstuffed: Decluttering Your Home, Mind, and Soul","₹6,099.45",One
Under the Banner of Heaven: A Story of Violent Faith,"₹3,150.00",One
Two Boys Kissing,"₹3,437.70",Two
Twilight (Twilight #1),"₹4,402.65",Two
Twenties Girl,"₹4,494.00",Two
"Trespassing Across America: One Man's Epic, Never-Done-Before (and Sort of Illegal) Hike Across the Heartland","₹5,618.55",One
Three-Martini Lunch,"₹2,437.05",Three
"Thinking, Fast and Slow","₹2,219.70",One
The Wild Robot,"₹5,887.35",Three
"The Wicked + The Divine, Vol. 3: Commercial Suicide (The Wicked + The Divine)","₹1,513.05",Three
The Undomestic Goddess,"₹4,803.75",Four
The Travelers,"₹1,655.85",One
The Tipping Point: How Little Things Can Make a Big Difference,"₹1,052.10",Two
The Thing About Jellyfish,"₹5,120.85",One
The Stand,"₹6,075.30",Two
The Smitten Kitchen Cookbook,"₹2,476.95",One
The Silkworm (Cormoran Strike #2),"₹2,420.25",Five
"The Sandman, Vol. 3: Dream Country (The Sandman (volumes) #3)","₹5,832.75",Five
The Rose & the Dagger (The Wrath and the Dawn #2),"₹6,157.20",Four
The Road to Little Dribbling: Adventures of an American in Britain (Notes From a Small Island #2),"₹2,437.05",One
The Rise of Theodore Roosevelt (Theodore Roosevelt #1),"₹4,469.85",Three
The Restaurant at the End of the Universe (Hitchhiker's Guide to the Galaxy #2),"₹1,146.60",One
The Rest Is Noise: Listening to the Twentieth Century,"₹3,650.85",One
The Red Tent,"₹3,744.30",Five
The Purpose Driven Life: What on Earth Am I Here for?,"₹3,904.95",Three
The Purest Hook (Second Circle Tattoos #3),"₹1,286.25",One
The Picture of Dorian Gray,"₹3,118.50",Two
The Paris Wife,"₹3,864.00",Three
The Obsession,"₹4,770.15",One
The Nightingale,"₹2,757.30",Four
The New Guy (and Other Senior Year Distractions),"₹4,716.60",Three
The Nanny Diaries (Nanny #1),"₹5,515.65",Five
The Name of God is Mercy,"₹3,911.25",Two
The Maze Runner (The Maze Runner #1),"₹2,197.65",One
The Lover's Dictionary,"₹6,099.45",Two
The Lonely Ones,"₹4,576.95",Five
The Lean Startup: How Today's Entrepreneurs Use Continuous Innovation to Create Radically Successful Businesses,"₹3,561.60",Three
The Last Painting of Sara de Vos,"₹5,832.75",Two
"The Land of 10,000 Madonnas","₹3,112.20",Four
The Infinities,"₹2,878.05",One
The Husband's Secret,"₹5,513.55",Five
The Hitchhiker's Guide to the Galaxy (Hitchhiker's Guide to the Galaxy #1),"₹5,019.00",Three
The Guns of August,"₹1,526.70",Two
The Guernsey Literary and Potato Peel Pie Society,"₹5,200.65",One
The Goldfinch,"₹4,575.90",Three
The Giver (The Giver Quartet #1),"₹1,291.50",One
The Girl with All the Gifts,"₹5,194.35",Three
The Girl Who Played with Fire (Millennium Trilogy #2),"₹2,324.70",Two
The Girl Who Kicked the Hornet's Nest (Millennium Trilogy #3),"₹6,035.40",One
The Exiled,"₹4,562.25",Three
"The End of Faith: Religion, Terror, and the Future of Reason","₹2,323.65",Four
"The Elegant Universe: Superstrings, Hidden Dimensions, and the Quest for the Ultimate Theory","₹1,368.15",Four
"The Disappearing Spoon: And Other True Tales of Madness, Love, and the History of the World from the Periodic Table of the Elements","₹6,021.75",Five
The Devil Wears Prada (The Devil Wears Prada #1),"₹4,650.45",One
The Demon-Haunted World: Science as a Candle in the Dark,"₹5,486.25",Four
The Day the Crayons Came Home (Crayons),"₹2,764.65",Five
The Da Vinci Code (Robert Langdon #2),"₹2,410.80",Two
The Cuckoo's Calling (Cormoran Strike #1),"₹2,017.05",One
The Complete Stories and Poems (The Works of Edgar Allan Poe [Cameo Edition]),"₹2,811.90",Four
The Complete Poems,"₹4,338.60",Five
The Catcher in the Rye,"₹2,577.75",One
The Cat in the Hat (Beginner Books B-1),"₹1,707.30",Two
The Case for Christ (Cases for Christianity),"₹5,023.20",One
The Book Thief,"₹5,616.45",Two
The Book of Basketball: The NBA According to The Sports Guy,"₹4,708.20",Five
The Blind Side: Evolution of a Game,"₹5,639.55",Five
The Autobiography of Malcolm X,"₹2,460.15",Two
"The Art of Simple Food: Notes, Lessons, and Recipes from a Delicious Revolution","₹3,603.60",Three
The Art of Fielding,"₹2,320.50",One
"Surely You're Joking, Mr. Feynman!: Adventures of a Curious Character","₹2,712.15",Two
Stiff: The Curious Lives of Human Cadavers,"₹3,857.70",Three
Spilled Milk: Based on a True Story,"₹5,198.55",One
Something Borrowed (Darcy & Rachel #1),"₹5,140.80",Five
Something Blue (Darcy & Rachel #2),"₹5,735.10",One
Soldier (Talon #3),"₹2,595.60",Two
Shopaholic & Baby (Shopaholic #5),"₹4,877.25",Two
Seven Days in the Art World,"₹5,494.65",Two
Seven Brief Lessons on Physics,"₹3,213.00",Four
Scarlet (The Lunar Chronicles #2),"₹1,529.85",Four
Sarah's Key,"₹4,860.45",One
"Saga, Volume 3 (Saga (Collected Editions) #3)","₹2,264.85",Five
Running with Scissors,"₹1,355.55",Four
Rogue Lawyer (Rogue Lawyer #1),"₹5,261.55",Three
"Rise of the Rocket Girls: The Women Who Propelled Us, from Missiles to the Moon to Mars","₹4,375.35",Four
Rework,"₹4,712.40",Two
Reservations for Two,"₹1,165.50",Three
Red: The True Story of Red Riding Hood,"₹2,996.70",Three
Ready Player One,"₹2,002.35",Four
Quiet: The Power of Introverts in a World That Can't Stop Talking,"₹4,572.75",One
Prodigy: The Graphic Novel (Legend: The Graphic Novel #2),"₹4,581.15",Three
Persepolis: The Story of a Childhood (Persepolis #1-2),"₹4,108.65",One
Packing for Mars: The Curious Science of Life in the Void,"₹5,951.40",Two
Outliers: The Story of Success,"₹1,486.80",One
Original Fake,"₹3,302.25",Three
Orange Is the New Black,"₹2,584.05",Two
One for the Money (Stephanie Plum #1),"₹3,451.35",Two
Notes from a Small Island (Notes From a Small Island #1),"₹4,217.85",One
Night (The Night Trilogy #1),"₹1,418.55",One
Neither Here nor There: Travels in Europe,"₹4,089.75",Three
Naked,"₹3,327.45",Three
Morning Star (Red Rising #3),"₹3,087.00",One
"Miracles from Heaven: A Little Girl, Her Journey to Heaven, and Her Amazing Story of Healing","₹6,072.15",One
Midnight Riot (Peter Grant/ Rivers of London - books #1),"₹5,823.30",Two
Me Talk Pretty One Day,"₹6,048.00",Two
Manuscript Found in Accra,"₹3,672.90",Two
Lust & Wonder,"₹1,246.35",Two
Lila (Gilead #3),"₹1,309.35",Three
"Life, the Universe and Everything (Hitchhiker's Guide to the Galaxy #3)","₹3,492.30",Two
Life Without a Recipe,"₹6,199.20",Five
Life After Life,"₹2,743.65",Two
Letter to a Christian Nation,"₹2,331.00",One
Let's Pretend This Never Happened: A Mostly True Memoir,"₹4,736.55",One
Legend (Legend #1),"₹4,587.45",Four
"Lean In: Women, Work, and the Will to Lead","₹2,627.10",One
"Lamb: The Gospel According to Biff, Christ's Childhood Pal","₹5,827.50",Five
Lady Renegades (Rebel Belle #3),"₹5,569.20",Five
Jurassic Park (Jurassic Park #1),"₹4,721.85",One
It's Never Too Late to Begin Again: Discovering Creativity and Meaning at Midlife and Beyond,"₹4,449.90",One
Is Everyone Hanging Out Without Me? (And Other Concerns),"₹2,111.55",Three
Into the Wild,"₹5,953.50",Five
Inferno (Robert Langdon #4),"₹4,305.00",Five
"In the Garden of Beasts: Love, Terror, and an American Family in Hitler's Berlin","₹3,029.25",Three
If I Run (If I Run #1),"₹5,246.85",Four
I've Got Your Number,"₹2,067.45",One
I Am Malala: The Girl Who Stood Up for Education and Was Shot by the Taliban,"₹3,032.40",Two
Hungry Girl Clean & Hungry: Easy All-Natural Recipes for Healthy Eating in the Real World,"₹3,479.70",Three
"House of Lost Worlds: Dinosaurs, Dynasties, and the Story of Life on Earth","₹4,588.50",Two
House of Leaves,"₹5,763.45",One
Horrible Bear!,"₹3,939.60",Two
Holidays on Ice,"₹5,362.35",Two
Heir to the Sky,"₹4,627.35",Four
Green Eggs and Ham (Beginner Books B-16),"₹1,132.95",Four
"Grayson, Vol 3: Nemesis (Grayson #3)","₹4,485.60",One
Gratitude,"₹2,799.30",Five
Gone Girl,"₹3,948.00",Five
Golden (Heart of Dread #3),"₹4,432.05",Four
Girl in the Blue Coat,"₹4,917.15",Two
"Fruits Basket, Vol. 3 (Fruits Basket #3)","₹4,742.85",Two
"Friday Night Lights: A Town, a Team, and a Dream","₹5,378.10",Three
Fire Bound (Sea Haven/Sisters of the Heart #5),"₹2,234.40",Four
Fifty Shades Freed (Fifty Shades #3),"₹1,612.80",Five
Fellside,"₹4,055.10",One
Extreme Prey (Lucas Davenport #26),"₹2,667.00",Three
Eragon (The Inheritance Cycle #1),"₹4,606.35",Three
Eclipse (Twilight #3),"₹1,967.70",One
Dune (Dune #1),"₹5,760.30",One
Dracula,"₹5,525.10",Three
Do Androids Dream of Electric Sheep? (Blade Runner #1),"₹5,405.40",One
Disrupted: My Misadventure in the Start-Up Bubble,"₹1,604.40",Five
Dead Wake: The Last Crossing of the Lusitania,"₹4,120.20",Five
"David and Goliath: Underdogs, Misfits, and the Art of Battling Giants","₹1,870.05",One
Darkfever (Fever #1),"₹5,882.10",One
Dark Places,"₹2,509.50",Five
Crazy Rich Asians (Crazy Rich Asians #1),"₹5,158.65",Five
Counting Thyme,"₹1,115.10",One
Cosmos,"₹3,797.85",Two
Civilization and Its Discontents,"₹6,294.75",Two
Cinder (The Lunar Chronicles #1),"₹2,739.45",One
Catastrophic Happiness: Finding Joy in Childhood's Messy Years,"₹3,921.75",Two
Career of Evil (Cormoran Strike #3),"₹2,595.60",Two
Breaking Dawn (Twilight #4),"₹3,704.40",Five
Brave Enough,"₹5,388.60",Five
Boy Meets Boy,"₹2,217.60",Three
"Born to Run: A Hidden Tribe, Superathletes, and the Greatest Race the World Has Never Seen","₹2,871.75",Two
Blink: The Power of Thinking Without Thinking,"₹2,282.70",Five
Black Flags: The Rise of ISIS,"₹4,291.35",One
"Black Butler, Vol. 1 (Black Butler #1)","₹5,177.55",One
Big Little Lies,"₹2,321.55",One
Between Shades of Gray,"₹2,182.95",Five
Best of My Love (Fool's Gold #20),"₹2,878.05",Two
Beowulf,"₹4,026.75",Two
Beautiful Creatures (Caster Chronicles #1),"₹2,262.75",Five
Awkward,"₹3,992.10",Two
Ash,"₹2,316.30",Four
Are We There Yet?,"₹1,119.30",Three
Are We Smart Enough to Know How Smart Animals Are?,"₹5,940.90",One
Annie on My Mind,"₹3,867.15",Five
And Then There Were None,"₹3,676.05",Two
A Walk in the Woods: Rediscovering America on the Appalachian Trail,"₹3,200.40",Four
A Visit from the Goon Squad,"₹1,478.40",Five
A Storm of Swords (A Song of Ice and Fire #3),"₹3,278.10",Two
A Heartbreaking Work of Staggering Genius,"₹5,700.45",Five
8 Keys to Mental Health Through Exercise,"₹3,259.20",One
#GIRLBOSS,"₹5,350.80",One
"The Suffragettes (Little Black Classics, #96)","₹1,248.45",Two
The Sense of an Ending,"₹3,294.90",Three
"The Sandman, Vol. 2: The Doll's House (The Sandman (volumes) #2)","₹5,755.05",One
The Course of Love,"₹1,761.90",Three
Sugar Rush (Offensive Line #2),"₹2,564.10",One
"Saga, Volume 2 (Saga (Collected Editions) #2)","₹1,233.75",Three
"Run, Spot, Run: The Ethics of Keeping Pets","₹2,102.10",One
New Moon (Twilight #2),"₹1,350.30",Four
Life,"₹3,315.90",Five
Kindle Paperwhite User's Guide,"₹3,570.00",Three
H is for Hawk,"₹6,029.10",Five
Girl Online On Tour (Girl Online #2),"₹5,614.35",One
"Fruits Basket, Vol. 2 (Fruits Basket #2)","₹1,222.20",Five
Diary of a Minecraft Zombie Book 1: A Scare of a Dare (An Unofficial Minecraft Book),"₹5,552.40",Four
"Y: The Last Man, Vol. 1: Unmanned (Y: The Last Man #1)","₹1,943.55",Four
While You Were Mine,"₹4,338.60",Five
Where Lightning Strikes (Bleeding Stars #3),"₹4,175.85",Three
When I'm Gone,"₹5,455.80",Three
Ways of Seeing,"₹4,148.55",Five
"Vampire Knight, Vol. 1 (Vampire Knight #1)","₹1,617.00",One
Vampire Girl (Vampire Girl #1),"₹5,651.10",Two
Twenty Love Poems and a Song of Despair,"₹3,249.75",Four
Travels with Charley: In Search of America,"₹6,071.10",Five
Three Wishes (River of Time: California #1),"₹4,638.90",Two
This One Moment (Pushing Limits #1),"₹5,114.55",One
The Zombie Room,"₹2,067.45",Five
"The Wicked + The Divine, Vol. 1: The Faust Act (The Wicked + The Divine)","₹3,834.60",Two
The Tumor,"₹4,363.80",Five
The Story of Hong Gildong,"₹4,534.95",Four
The Silent Wife,"₹1,295.70",Five
The Silent Twin (Detective Jennifer Knight #3),"₹3,806.25",Three
The Selfish Gene,"₹3,092.25",One
The Secret Healer,"₹3,628.80",Three
"The Sandman, Vol. 1: Preludes and Nocturnes (The Sandman (volumes) #1)","₹5,682.60",Three
The Republic,"₹3,546.90",Three
The Odyssey,"₹3,112.20",Three
The No. 1 Ladies' Detective Agency (No. 1 Ladies' Detective Agency #1),"₹6,058.50",Four
The Nicomachean Ethics,"₹3,815.70",One
The Name of the Wind (The Kingkiller Chronicle #1),"₹5,311.95",Three
The Mirror & the Maze (The Wrath and the Dawn #1.5),"₹3,084.90",One
The Little Prince,"₹4,769.10",Two
The Light of the Fireflies,"₹5,715.15",One
The Last Girl (The Dominion Trilogy #1),"₹3,807.30",Two
The Iliad,"₹1,696.80",One
The Hook Up (Game On #1),"₹3,810.45",Five
The Haters,"₹2,928.45",Five
The Girl You Lost,"₹1,290.45",Five
The Girl In The Ice (DCI Erika Foster #1),"₹1,664.25",Three
The End of the Jesus Era (An Investigation #1),"₹1,512.00",One
The Edge of Reason (Bridget Jones #2),"₹2,013.90",Four
The Complete Maus (Maus #1-2),"₹1,117.20",Three
The Communist Manifesto,"₹1,549.80",Three
The Bhagavad Gita,"₹6,036.45",Three
The Bette Davis Club,"₹3,219.30",Three
The Art of Not Breathing,"₹4,287.15",Four
Taking Shots (Assassins #1),"₹1,982.40",Two
Starlark,"₹2,712.15",Three
"Skip Beat!, Vol. 01 (Skip Beat! #1)","₹4,422.60",Three
Sister Sable (The Mad Queen #1),"₹1,399.65",Three
Shatter Me (Shatter Me #1),"₹4,452.00",One
Shameless,"₹6,126.75",Three
Shadow Rites (Jane Yellowrock #10),"₹2,280.60",Four
Settling the Score (The Summer Games #1),"₹4,715.55",Two
Sense and Sensibility,"₹3,933.30",One
"Saga, Volume 1 (Saga (Collected Editions) #1)","₹2,990.40",One
"Rhythm, Chord & Malykhin","₹2,975.70",Two
"Rat Queens, Vol. 1: Sass & Sorcery (Rat Queens (Collected Editions) #1-5)","₹4,930.80",Five
Paradise Lost (Paradise #1),"₹2,620.80",One
"Paper Girls, Vol. 1 (Paper Girls #1-5)","₹2,279.55",Four
"Ouran High School Host Club, Vol. 1 (Ouran High School Host Club #1)","₹3,136.35",Three
Origins (Alphas 0.5),"₹3,043.95",One
One Second (Seven #7),"₹5,558.70",Two
On the Road (Duluoz Legend),"₹3,397.80",Three
Old Records Never Die: One Man's Quest for His Vinyl and His Past,"₹5,844.30",Two
Off Sides (Off #1),"₹4,142.25",Five
Of Mice and Men,"₹4,946.55",Two
Myriad (Prentor #1),"₹6,168.75",Four
My Perfect Mistake (Over the Top #1),"₹4,086.60",Two
"Ms. Marvel, Vol. 1: No Normal (Ms. Marvel (2014-2015) #1)","₹4,135.95",Four
Meditations,"₹2,718.45",Two
Matilda,"₹2,975.70",One
Lost Among the Living,"₹2,908.50",Four
Lord of the Flies,"₹2,613.45",Three
Listen to Me (Fusion #1),"₹6,193.95",Three
Kitchens of the Great Midwest,"₹6,006.00",Five
Jane Eyre,"₹4,035.15",Five
Imperfect Harmony,"₹3,647.70",Four
Icing (Aces Hockey #2),"₹4,246.20",Four
"Hawkeye, Vol. 1: My Life as a Weapon (Hawkeye #1)","₹4,750.20",Three
Having the Barbarian's Baby (Ice Planet Barbarians #7.5),"₹3,670.80",Four
"Giant Days, Vol. 1 (Giant Days #1-4)","₹5,959.80",Four
"Fruits Basket, Vol. 1 (Fruits Basket #1)","₹4,229.40",Five
Frankenstein,"₹3,990.00",Two
Forever Rockers (The Rocker #12),"₹3,024.00",Three
Fighting Fate (Fighting #6),"₹4,120.20",Three
Emma,"₹3,457.65",Two
"Eat, Pray, Love","₹5,388.60",Three
Deep Under (Walker Security #1),"₹4,944.45",Five
Choosing Our Religion: The Spiritual Lives of America's Nones,"₹2,984.10",Four
Charlie and the Chocolate Factory (Charlie Bucket #1),"₹2,399.25",Three
Charity's Cross (Charles Towne Belles #4),"₹4,330.20",One
Bright Lines,"₹4,102.35",Five
Bridget Jones's Diary (Bridget Jones #1),"₹3,131.10",One
Bounty (Colorado Mountain #7),"₹3,912.30",Four
Blood Defense (Samantha Brinkman #1),"₹2,131.50",Three
"Bleach, Vol. 1: Strawberry and the Soul Reapers (Bleach #1)","₹3,638.25",Five
Beyond Good and Evil,"₹4,554.90",One
Alice in Wonderland (Alice's Adventures in Wonderland #1),"₹5,830.65",One
"Ajin: Demi-Human, Volume 1 (Ajin: Demi-Human #1)","₹5,991.30",Four
A Spy's Devotion (The Regency Spies of London #1),"₹1,781.85",Five
1st to Die (Women's Murder Club #1),"₹5,667.90",One
"1,000 Places to See Before You Die","₹2,738.40",Five
